left,right,coint_stat,pvalue,cointegrated
MSFT,AAPL,-4.686075584139403,0.0005958815187469141,True
AAPL,PEP,-3.4204304610883693,0.04013141585743505,True
GOOGL,JPM,-3.0101528999665024,0.10781184380168995,False
MSFT,PEP,-3.002141802359312,0.10969726880380276,False
AAPL,JPM,-2.6237086515586836,0.2282078510503011,False
AAPL,GOOGL,-2.598262014797403,0.23753104682076676,False
KO,PEP,-2.5727320952290653,0.24796697174023907,False
AAPL,META,-2.5081953720236507,0.2754666271616707,False
META,PEP,-2.5030464167008324,0.27772711588277543,False
GOOGL,PEP,-2.48143717072449,0.28731659859902114,False
JPM,PEP,-2.29836643119674,0.3743682043025716,False
MSFT,JPM,-2.1986975856240996,0.4250352420185949,False
META,KO,-2.1400636467089393,0.45545170962929993,False
MSFT,GOOGL,-2.1393596355284905,0.4558185877830936,False
AAPL,KO,-2.040902304453629,0.5072616393910301,False
META,JPM,-1.8490753659694619,0.6055929779499887,False
MSFT,META,-1.8154417151983633,0.6221916102491725,False
BAC,KO,-1.7857797868413925,0.6366033198683947,False
GOOGL,BAC,-1.659378188895907,0.6951896774279807,False
BAC,PEP,-1.6447603054235427,0.701632784651301,False
GOOGL,KO,-1.6108741435620066,0.7162783385519318,False
MSFT,KO,-1.5953242899840159,0.7228594950096939,False
JPM,KO,-1.5533562297076617,0.7401691814718109,False
GOOGL,META,-1.5255613735039566,0.751260418405963,False
AAPL,BAC,-1.49202468374553,0.7642375463435191,False
META,BAC,-1.3107252339280961,0.8264758798087235,False
JPM,BAC,-1.0605191904537954,0.89075491803503,False
MSFT,BAC,-0.761906488489272,0.9395290973508693,False
